{"cameraMode":{"drawMode":0,"name":"Shaded","section":"Shading Mode"},"sceneLighting":false,"audioPlay":false,"sceneViewState":{"m_AlwaysRefresh":false,"showFog":true,"showSkybox":true,"showFlares":true,"showImageEffects":true,"showParticleSystems":true,"showVisualEffectGraphs":true,"m_FxEnabled":true},"in2DMode":false,"pivot":{"x":25.901103973388673,"y":0.5000001192092896,"z":-0.5283286571502686},"rotation":{"x":-0.02430638112127781,"y":-0.00840059295296669,"z":0.00020418406347744167,"w":-0.9996695518493652},"size":3.1448206901550295,"orthographic":true}