{"cameraMode":{"drawMode":0,"name":"Shaded","section":"Shading Mode"},"sceneLighting":false,"audioPlay":false,"sceneViewState":{"m_AlwaysRefresh":false,"showFog":true,"showSkybox":true,"showFlares":true,"showImageEffects":true,"showParticleSystems":true,"showVisualEffectGraphs":true,"m_FxEnabled":true},"in2DMode":false,"pivot":{"x":0.016342520713806154,"y":1.8295478820800782,"z":0.018973231315612794},"rotation":{"x":-0.02430638112127781,"y":-0.00840059295296669,"z":0.00020418406347744167,"w":-0.9996695518493652},"size":2.65335750579834,"orthographic":true}