{"cameraMode":{"drawMode":0,"name":"Shaded","section":"Shading Mode"},"sceneLighting":false,"audioPlay":false,"sceneViewState":{"m_AlwaysRefresh":false,"showFog":true,"showSkybox":false,"showFlares":true,"showImageEffects":true,"showParticleSystems":true,"showVisualEffectGraphs":true,"m_FxEnabled":true},"in2DMode":false,"pivot":{"x":-0.7625446319580078,"y":1.576697826385498,"z":-0.3807220458984375},"rotation":{"x":-0.02430638112127781,"y":-0.00840059295296669,"z":0.00020418406347744167,"w":-0.9996695518493652},"size":11.051345825195313,"orthographic":true}